financial_year,category,no_of_units
2008,Swimming Complexes,18
2008,Sports Complexes,12
2008,"Indoor Stadiums, Training Halls and Sports Halls",9
2008,Town Gardens and Parks,72
2009,Swimming Complexes,18
2009,Sports Complexes,12
2009,"Indoor Stadiums, Training Halls and Sports Halls",9
2009,Town Gardens and Parks,72
2010,Swimming Complexes,18
2010,Sports Complexes,12
2010,"Indoor Stadiums, Training Halls and Sports Halls",9
2010,Town Gardens and Parks,72
2011,Swimming Complexes,18
2011,Sports Complexes,12
2011,"Indoor Stadiums, Training Halls and Sports Halls",9
2011,Town Gardens and Parks,72
2012,Swimming Complexes,18
2012,Sports Complexes,12
2012,"Indoor Stadiums, Training Halls and Sports Halls",9
2012,Town Gardens and Parks,72
2013,Swimming Complexes,18
2013,Sports Complexes,12
2013,"Indoor Stadiums, Training Halls and Sports Halls",9
2013,Town Gardens and Parks,72
2014,Swimming Complexes,18
2014,Sports Complexes,12
2014,"Indoor Stadiums, Training Halls and Sports Halls",9
2014,Town Gardens and Parks,72
2015,Swimming Complexes,18
2015,Sports Complexes,12
2015,"Indoor Stadiums, Training Halls and Sports Halls",9
2015,Town Gardens and Parks,72
2016,Swimming Complexes,18
2016,Sports Complexes,12
2016,"Indoor Stadiums, Training Halls and Sports Halls",9
2016,Town Gardens and Parks,72
2017,Swimming Complexes,18
2017,Sports Complexes,12
2017,"Indoor Stadiums, Training Halls and Sports Halls",9
2017,Town Gardens and Parks,72
2018,Swimming Complexes,18
2018,Sports Complexes,12
2018,"Indoor Stadiums, Training Halls and Sports Halls",9
2018,Town Gardens and Parks,72
2019,Swimming Complexes,18
2019,Sports Complexes,12
2019,"Indoor Stadiums, Training Halls and Sports Halls",9
2019,Town Gardens and Parks,72
2020,Swimming Complexes,18
2020,Sports Complexes,12
2020,"Indoor Stadiums, Training Halls and Sports Halls",9
2020,Town Gardens and Parks,72
2021,Swimming Complexes,18
2021,Sports Complexes,12
2021,"Indoor Stadiums, Training Halls and Sports Halls",9
2021,Town Gardens and Parks,72
2022,Swimming Complexes,18
2022,Sports Complexes,12
2022,"Indoor Stadiums, Training Halls and Sports Halls",9
2022,Town Gardens and Parks,72
2023,HDB Parks and Open Spaces,225
