financial_year,category,no_of_units
2008,Shops and Eating Houses,16581
2008,Markets and Food Centres,223
2008,Offices,1895
2008,Kiosks,766
2009,Shops and Eating Houses,16581
2009,Markets and Food Centres,223
2009,Offices,1895
2009,Kiosks,766
2010,Shops and Eating Houses,16581
2010,Markets and Food Centres,223
2010,Offices,1895
2010,Kiosks,766
2011,Shops and Eating Houses,16625
2011,Markets and Food Centres,223
2011,Offices,1895
2011,Kiosks,766
2012,Shops and Eating Houses,16972
2012,Markets and Food Centres,223
2012,Offices,2218
2012,Kiosks,847
2013,Shops and Eating Houses,17026
2013,Markets and Food Centres,223
2013,Offices,2218
2013,Kiosks,847
2014,Shops and Eating Houses,17111
2014,Markets and Food Centres,224
2014,Offices,2226
2014,Kiosks,847
2015,Shops and Eating Houses,17187
2015,Markets and Food Centres,224
2015,Offices,2228
2015,Kiosks,847
2016,Shops and Eating Houses,17320
2016,Markets and Food Centres,224
2016,Offices,2230
2016,Kiosks,850
2017,Shops and Eating Houses,17723
2017,Markets and Food Centres,225
2017,Offices,2238
2017,Kiosks,850
2018,Shops and Eating Houses,17868
2018,Markets and Food Centres,225
2018,Offices,2238
2018,Kiosks,850
2019,Shops and Eating Houses,17930
2019,Markets and Food Centres,225
2019,Offices,2238
2019,Kiosks,850
2020,Shops and Eating Houses,18024
2020,Markets and Food Centres,225
2020,Offices,2238
2020,Kiosks,851
2021,Shops and Eating Houses,18145
2021,Markets and Food Centres,225
2021,Offices,2238
2021,Kiosks,851
2022,Shops and Eating Houses,18236
2022,Markets and Food Centres,225
2022,Offices,2239
2022,Kiosks,851
2023,Shops and Eating Houses,18382
2023,Markets and Food Centres,225
2023,Offices,2240
2023,Kiosks,851
