level,time,hardwarezone_affordability_sentiment,hardwarezone_overall,hardwarezone_policy_sentiment,hardwarezone_price_sentiment,reddit_affordability_sentiment,reddit_overall,reddit_policy_sentiment,reddit_price_sentiment,sgexpats_affordability_sentiment,sgexpats_overall,sgexpats_policy_sentiment,sgexpats_price_sentiment
monthly,2023-01-01,,,,,-0.2608695652173913,-0.21739130434782608,0.0,0.1956521739130435,-0.3,-0.3,0.05,0.15
monthly,2023-02-01,,,,,-0.32432432432432434,-0.35135135135135137,-0.2702702702702703,0.1891891891891892,0.0,-1.0,0.0,0.0
monthly,2023-03-01,,,,,-0.275,-0.225,-0.025,0.1625,-0.6956521739130435,-0.5362318840579711,-0.18840579710144928,0.2463768115942029
monthly,2023-04-01,,,,,-0.3695652173913043,-0.1956521739130435,-0.10869565217391304,0.20652173913043478,-1.0,-0.25,0.0,0.125
monthly,2023-05-01,,,,,-0.34782608695652173,-0.2391304347826087,-0.15217391304347827,0.15217391304347827,-0.5,-0.5,0.0,0.16666666666666666
monthly,2023-06-01,0.0,-1.0,0.0,0.0,-0.30434782608695654,-0.30434782608695654,-0.13043478260869565,0.043478260869565216,,,,
monthly,2023-07-01,,,,,-0.41025641025641024,-0.28205128205128205,-0.28205128205128205,0.23076923076923078,0.42857142857142855,-0.8571428571428571,0.0,0.0
monthly,2023-08-01,,,,,-0.1935483870967742,-0.12903225806451613,-0.06451612903225806,0.11290322580645161,-0.5047619047619047,-0.44761904761904764,-0.14285714285714285,0.05238095238095238
monthly,2023-09-01,1.0,0.0,0.0,1.0,-0.36666666666666664,-0.4,-0.06666666666666667,0.16666666666666666,-0.3333333333333333,-0.5,-0.05555555555555555,0.0
monthly,2023-10-01,,,,,-0.3235294117647059,0.0,-0.029411764705882353,0.23529411764705882,0.0,-0.8333333333333334,0.0,0.0
monthly,2023-11-01,,,,,-0.38461538461538464,-0.23076923076923078,-0.19230769230769232,0.15384615384615385,-0.6470588235294118,-0.5294117647058824,-0.38235294117647056,0.16176470588235295
monthly,2023-12-01,,,,,-0.13043478260869565,-0.08695652173913043,-0.043478260869565216,0.06521739130434782,-0.5769230769230769,-0.8076923076923077,-0.5384615384615384,0.057692307692307696
monthly,2024-01-01,,,,,-0.17857142857142858,-0.07142857142857142,0.10714285714285714,0.08928571428571429,,,,
monthly,2024-02-01,,,,,-0.32653061224489793,0.0,-0.08163265306122448,0.23469387755102042,-0.5,-0.5,0.0,0.25
monthly,2024-03-01,,,,,-0.25,-0.03125,-0.03125,0.109375,0.14285714285714285,0.0,-0.2857142857142857,-0.07142857142857142
monthly,2024-04-01,,,,,-0.36538461538461536,-0.3269230769230769,-0.25,0.22115384615384615,-0.2,-0.8,0.0,0.1
monthly,2024-05-01,,,,,-0.25757575757575757,-0.12121212121212122,-0.030303030303030304,0.10606060606060606,,,,
monthly,2024-06-01,,,,,-0.1276595744680851,-0.10638297872340426,-0.0851063829787234,0.11702127659574468,-1.0,0.5,0.0,0.5
monthly,2024-07-01,,,,,-0.16363636363636364,-0.07272727272727272,-0.14545454545454545,0.12727272727272726,0.0,-0.25,0.0,0.0
monthly,2024-08-01,,,,,-0.1111111111111111,-0.09722222222222222,-0.05555555555555555,0.10416666666666667,-1.0,-1.0,0.0,0.5
monthly,2024-09-01,,,,,-0.24761904761904763,-0.17142857142857143,-0.0761904761904762,0.1380952380952381,-0.5,-1.0,0.0,-0.25
monthly,2024-10-01,,,,,-0.2116788321167883,-0.1386861313868613,-0.0948905109489051,0.09854014598540146,,,,
monthly,2024-11-01,,,,,-0.18032786885245902,-0.22131147540983606,-0.1557377049180328,0.10245901639344263,0.0,-0.3333333333333333,-0.3333333333333333,0.0
monthly,2024-12-01,,,,,-0.2047244094488189,-0.2440944881889764,-0.14173228346456693,0.1220472440944882,0.0,0.0,0.0,0.0
monthly,2025-01-01,,,,,-0.22162162162162163,-0.10810810810810811,-0.05405405405405406,0.12972972972972974,,,,
monthly,2025-02-01,,,,,-0.1320754716981132,-0.11949685534591195,-0.08176100628930817,0.11320754716981132,,,,
monthly,2025-03-01,,,,,-0.1822429906542056,-0.16355140186915887,-0.14953271028037382,0.10981308411214953,,,,
monthly,2025-04-01,,,,,-0.1583710407239819,-0.12669683257918551,-0.12217194570135746,0.1244343891402715,-1.0,-1.0,0.0,0.0
monthly,2025-05-01,0.0,0.0,0.0,0.0,-0.14832535885167464,-0.10047846889952153,-0.09569377990430622,0.10047846889952153,,,,
monthly,2025-06-01,,,,,-0.15450643776824036,-0.0944206008583691,-0.07296137339055794,0.12017167381974249,-1.0,-1.0,-1.0,-0.16666666666666666
monthly,2025-07-01,,,,,-0.18867924528301888,-0.07547169811320754,-0.08679245283018867,0.1339622641509434,,,,
monthly,2025-08-01,,,,,-0.06465517241379311,-0.07327586206896551,-0.08189655172413793,0.09051724137931035,,,,
monthly,2025-09-01,,,,,-0.12568306010928962,-0.18032786885245902,-0.13114754098360656,0.07650273224043716,,,,
monthly,2025-10-01,,,,,-0.07142857142857142,-0.011904761904761904,-0.08333333333333333,0.15476190476190477,,,,
quarterly,2023-01-01,,,,,-0.29,-0.27,-0.11,0.18,-0.5684210526315789,-0.5157894736842106,-0.12631578947368421,0.21052631578947367
quarterly,2023-04-01,0.0,-1.0,0.0,0.0,-0.34782608695652173,-0.23478260869565218,-0.13043478260869565,0.15217391304347827,-0.7,-0.4,0.0,0.15
quarterly,2023-07-01,1.0,0.0,0.0,1.0,-0.33,-0.27,-0.15,0.175,-0.4189189189189189,-0.4797297297297297,-0.11486486486486487,0.037162162162162164
quarterly,2023-10-01,,,,,-0.2891566265060241,-0.0963855421686747,-0.08433734939759036,0.16265060240963855,-0.5606060606060606,-0.6666666666666666,-0.4090909090909091,0.10606060606060606
quarterly,2024-01-01,,,,,-0.26605504587155965,-0.027522935779816515,-0.01834862385321101,0.16055045871559634,0.0,-0.1111111111111111,-0.2222222222222222,0.0
quarterly,2024-04-01,,,,,-0.2545454545454545,-0.18181818181818182,-0.11515151515151516,0.14545454545454545,-0.42857142857142855,-0.42857142857142855,0.0,0.21428571428571427
quarterly,2024-07-01,,,,,-0.1853448275862069,-0.125,-0.08620689655172414,0.125,-0.18181818181818182,-0.45454545454545453,0.0,0.0
quarterly,2024-10-01,,,,,-0.19948186528497408,-0.19948186528497408,-0.12953367875647667,0.10751295336787564,0.0,-0.2,-0.2,0.0
quarterly,2025-01-01,,,,,-0.18100358422939067,-0.13261648745519714,-0.0985663082437276,0.11738351254480286,,,,
quarterly,2025-04-01,0.0,0.0,0.0,0.0,-0.15384615384615385,-0.10708898944193061,-0.09653092006033183,0.11538461538461539,-1.0,-1.0,-0.75,-0.125
quarterly,2025-07-01,,,,,-0.12941176470588237,-0.10294117647058823,-0.09705882352941177,0.1036764705882353,,,,
quarterly,2025-10-01,,,,,-0.07142857142857142,-0.011904761904761904,-0.08333333333333333,0.15476190476190477,,,,
weekly,2023-01-02,,,,,-0.4,-0.2,0.4,0.3,0.0,0.0,0.0,0.0
weekly,2023-01-09,,,,,-0.2,-1.0,-0.6,0.0,,,,
weekly,2023-01-16,,,,,0.0,0.0,0.0,0.0,0.0,0.0,1.0,0.0
weekly,2023-01-23,,,,,-0.125,0.25,0.25,0.25,-0.35294117647058826,-0.35294117647058826,0.0,0.17647058823529413
weekly,2023-01-30,,,,,-0.3333333333333333,-0.3333333333333333,-0.5,0.16666666666666666,,,,
weekly,2023-02-06,,,,,-0.14285714285714285,-0.5714285714285714,-0.42857142857142855,0.07142857142857142,,,,
weekly,2023-02-13,,,,,-0.4166666666666667,-0.25,-0.08333333333333333,0.3333333333333333,,,,
weekly,2023-02-20,,,,,-0.7,-0.5,-0.5,0.25,0.0,-1.0,0.0,0.0
weekly,2023-02-27,,,,,-0.06666666666666667,-0.06666666666666667,0.06666666666666667,0.0,-0.8333333333333334,-1.0,-0.5,0.4166666666666667
weekly,2023-03-06,,,,,-0.375,-0.375,0.125,0.25,-1.0,-1.0,0.0,0.5
weekly,2023-03-13,,,,,0.0,0.0,0.25,0.1875,-0.2,-0.4,0.0,0.0
weekly,2023-03-20,,,,,-0.6666666666666666,-0.6666666666666666,-0.3333333333333333,0.3333333333333333,-0.8148148148148148,-0.7777777777777778,-0.3333333333333333,0.3148148148148148
weekly,2023-03-27,,,,,-0.29411764705882354,-0.29411764705882354,-0.23529411764705882,0.11764705882352941,-0.72,-0.2,-0.04,0.22
weekly,2023-04-03,,,,,-0.625,-0.5,-0.375,0.3125,-1.0,-0.25,0.0,0.125
weekly,2023-04-10,,,,,-0.08333333333333333,-0.16666666666666666,0.0,0.20833333333333334,,,,
weekly,2023-04-17,,,,,0.0,-0.6666666666666666,0.0,-0.16666666666666666,,,,
weekly,2023-04-24,,,,,-0.5882352941176471,0.058823529411764705,-0.058823529411764705,0.29411764705882354,,,,
weekly,2023-05-01,,,,,-0.5,-0.25,-0.125,0.3125,,,,
weekly,2023-05-08,,,,,-0.3333333333333333,-0.3333333333333333,-0.16666666666666666,0.08333333333333333,,,,
weekly,2023-05-15,,,,,-0.6,-0.3,-0.3,0.1,-1.0,-1.0,0.0,0.25
weekly,2023-05-22,,,,,-0.3076923076923077,-0.23076923076923078,-0.23076923076923078,0.19230769230769232,-0.25,-0.25,0.0,0.125
weekly,2023-05-29,,,,,0.15384615384615385,-0.07692307692307693,0.07692307692307693,0.0,,,,
weekly,2023-06-05,0.0,-1.0,0.0,0.0,-0.16666666666666666,-0.3333333333333333,0.0,0.0,,,,
weekly,2023-06-12,,,,,-0.6666666666666666,-0.3333333333333333,0.0,0.16666666666666666,,,,
weekly,2023-06-19,,,,,-1.0,0.0,0.0,0.5,,,,
weekly,2023-06-26,,,,,-0.5,-0.4,-0.3,0.05,0.0,-1.0,0.0,0.0
weekly,2023-07-03,,,,,-0.35294117647058826,-0.29411764705882354,-0.4117647058823529,0.23529411764705882,,,,
weekly,2023-07-10,,,,,-0.25,0.25,0.25,0.125,,,,
weekly,2023-07-17,,,,,-0.4444444444444444,-0.4444444444444444,-0.4444444444444444,0.2222222222222222,0.75,-1.0,0.0,0.0
weekly,2023-07-24,,,,,-0.5714285714285714,-0.42857142857142855,-0.14285714285714285,0.2857142857142857,0.0,-0.5,0.0,0.0
weekly,2023-07-31,,,,,-0.5,0.0,-0.16666666666666666,0.25,,,,
weekly,2023-08-07,,,,,-0.4,-0.2,-0.2,0.0,,,,
weekly,2023-08-14,,,,,-0.14285714285714285,-0.42857142857142855,-0.2857142857142857,0.07142857142857142,0.0,0.0,0.0,0.0
weekly,2023-08-21,,,,,-0.125,0.125,0.25,0.25,-0.44871794871794873,-0.41025641025641024,-0.15384615384615385,0.05128205128205128
weekly,2023-08-28,,,,,0.0,-0.2857142857142857,-0.14285714285714285,0.0,-0.6428571428571429,-0.5357142857142857,-0.10714285714285714,0.05357142857142857
weekly,2023-09-04,,,,,-0.14285714285714285,-0.42857142857142855,0.14285714285714285,0.0,,,,
weekly,2023-09-11,,,,,-0.6666666666666666,-0.8333333333333334,-0.16666666666666666,0.25,-0.9,-0.6,0.0,0.15
weekly,2023-09-18,,,,,-0.25,-0.125,0.0,0.0625,,,,
weekly,2023-09-25,1.0,0.0,0.0,1.0,-0.45454545454545453,-0.2727272727272727,-0.2727272727272727,0.3181818181818182,-0.125,-0.5,-0.08333333333333333,-0.0625
weekly,2023-10-02,,,,,0.2,0.4,0.4,0.2,,,,
weekly,2023-10-09,,,,,-0.5,-0.3333333333333333,-0.3333333333333333,0.25,,,,
weekly,2023-10-16,,,,,-0.42857142857142855,0.0,-0.14285714285714285,0.2857142857142857,,,,
weekly,2023-10-23,,,,,-0.6666666666666666,-0.16666666666666666,-0.16666666666666666,0.16666666666666666,0.0,-0.8333333333333334,0.0,0.0
weekly,2023-10-30,,,,,-1.0,-0.5,-0.25,0.375,-0.5714285714285714,-0.42857142857142855,-0.2857142857142857,0.0
weekly,2023-11-06,,,,,-0.5555555555555556,-0.1111111111111111,-0.1111111111111111,0.2777777777777778,-0.8571428571428571,-0.7142857142857143,-0.7857142857142857,0.25
weekly,2023-11-13,,,,,-0.2727272727272727,0.0,0.0,0.13636363636363635,,,,
weekly,2023-11-20,,,,,-1.0,-1.0,-1.0,0.5,-0.3,-0.4,0.0,0.05
weekly,2023-11-27,,,,,0.25,-0.5,-0.25,-0.125,-1.0,-0.3333333333333333,0.0,0.5
weekly,2023-12-04,,,,,0.16666666666666666,0.16666666666666666,0.3333333333333333,0.08333333333333333,-0.5,-1.0,-0.5,-0.25
weekly,2023-12-11,,,,,-0.375,-0.125,-0.125,0.0625,-0.375,-0.75,-0.25,-0.0625
weekly,2023-12-18,,,,,-0.2,-0.2,0.0,0.1,-1.0,-0.3333333333333333,-1.0,0.5
weekly,2023-12-25,,,,,0.0,-0.3333333333333333,-0.6666666666666666,-0.16666666666666666,-0.6153846153846154,-0.9230769230769231,-0.6153846153846154,0.07692307692307693
weekly,2024-01-01,,,,,0.0,-0.3333333333333333,0.0,0.08333333333333333,,,,
weekly,2024-01-08,,,,,-0.25,0.25,0.25,0.125,,,,
weekly,2024-01-15,,,,,0.0,-0.25,0.25,-0.125,,,,
weekly,2024-01-22,,,,,-0.3,0.0,0.0,0.2,,,,
weekly,2024-01-29,,,,,-0.4,0.0,0.2,0.1,,,,
weekly,2024-02-05,,,,,-0.3125,0.0625,0.0,0.1875,,,,
weekly,2024-02-12,,,,,-0.1,0.1,0.1,0.2,-1.0,-1.0,0.0,0.5
weekly,2024-02-19,,,,,-0.75,-0.08333333333333333,-0.3333333333333333,0.375,0.0,0.0,0.0,0.0
weekly,2024-02-26,,,,,0.0,-0.08333333333333333,0.08333333333333333,0.125,,,,
weekly,2024-03-04,,,,,-0.16666666666666666,0.0,0.08333333333333333,0.08333333333333333,0.4,0.0,-0.2,-0.1
weekly,2024-03-11,,,,,-0.3333333333333333,0.16666666666666666,-0.16666666666666666,0.16666666666666666,,,,
weekly,2024-03-18,,,,,-0.25,-0.125,-0.25,0.125,-0.5,0.0,-0.5,0.0
weekly,2024-03-25,,,,,-0.5,-0.25,-0.25,0.125,,,,
weekly,2024-04-01,,,,,-0.5294117647058824,-0.5294117647058824,-0.4117647058823529,0.17647058823529413,-0.5,-0.5,0.0,0.25
weekly,2024-04-08,,,,,-0.45454545454545453,-0.36363636363636365,-0.36363636363636365,0.2727272727272727,0.0,-1.0,0.0,0.0
weekly,2024-04-15,,,,,0.0,-0.16666666666666666,-0.08333333333333333,0.125,,,,
weekly,2024-04-22,,,,,-0.4444444444444444,-0.1111111111111111,0.0,0.3333333333333333,,,,
weekly,2024-04-29,,,,,-0.3125,-0.25,-0.1875,0.21875,,,,
weekly,2024-05-06,,,,,-0.3333333333333333,0.08333333333333333,0.16666666666666666,0.08333333333333333,,,,
weekly,2024-05-13,,,,,-0.2727272727272727,0.0,-0.09090909090909091,0.18181818181818182,,,,
weekly,2024-05-20,,,,,-0.0625,-0.25,-0.125,0.03125,,,,
weekly,2024-05-27,,,,,-0.35,-0.15,0.05,0.1,,,,
weekly,2024-06-03,,,,,-0.3333333333333333,-0.16666666666666666,0.0,0.25,,,,
weekly,2024-06-10,,,,,-0.1,-0.3,-0.2,0.0,,,,
weekly,2024-06-17,,,,,-0.23076923076923078,-0.07692307692307693,-0.23076923076923078,0.11538461538461539,,,,
weekly,2024-06-24,,,,,0.16666666666666666,0.08333333333333333,0.08333333333333333,0.125,-1.0,0.5,0.0,0.5
weekly,2024-07-01,,,,,-0.23076923076923078,0.0,-0.07692307692307693,0.11538461538461539,,,,
weekly,2024-07-08,,,,,-0.3125,-0.1875,-0.25,0.1875,0.0,-0.6666666666666666,0.0,0.0
weekly,2024-07-15,,,,,0.0,0.07692307692307693,0.0,0.11538461538461539,,,,
weekly,2024-07-22,,,,,-0.2857142857142857,-0.42857142857142855,-0.2857142857142857,0.21428571428571427,,,,
weekly,2024-07-29,,,,,0.09090909090909091,0.09090909090909091,-0.09090909090909091,0.0,0.0,0.0,0.0,0.0
weekly,2024-08-05,,,,,0.2222222222222222,0.1111111111111111,0.0,0.1111111111111111,-1.0,-1.0,0.0,0.5
weekly,2024-08-12,,,,,-0.3333333333333333,-0.3888888888888889,-0.1111111111111111,0.1388888888888889,,,,
weekly,2024-08-19,,,,,-0.14285714285714285,-0.09523809523809523,-0.047619047619047616,0.07142857142857142,,,,
weekly,2024-08-26,,,,,-0.09523809523809523,0.0,-0.047619047619047616,0.11904761904761904,,,,
weekly,2024-09-02,,,,,-0.37037037037037035,-0.1111111111111111,-0.1111111111111111,0.16666666666666666,,,,
weekly,2024-09-09,,,,,-0.2727272727272727,-0.18181818181818182,-0.045454545454545456,0.1590909090909091,0.0,-1.0,0.0,0.0
weekly,2024-09-16,,,,,-0.1,-0.1,-0.05,0.15,-1.0,-1.0,0.0,-0.5
weekly,2024-09-23,,,,,-0.20689655172413793,-0.2413793103448276,-0.13793103448275862,0.08620689655172414,,,,
weekly,2024-09-30,,,,,-0.28125,-0.21875,-0.125,0.140625,,,,
weekly,2024-10-07,,,,,-0.25,-0.375,-0.08333333333333333,0.08333333333333333,,,,
weekly,2024-10-14,,,,,-0.14285714285714285,-0.02857142857142857,-0.05714285714285714,0.07142857142857142,,,,
weekly,2024-10-21,,,,,-0.22857142857142856,-0.02857142857142857,0.0,0.11428571428571428,,,,
weekly,2024-10-28,,,,,-0.12,-0.12,-0.2,0.06,,,,
weekly,2024-11-04,,,,,-0.21428571428571427,-0.25,-0.21428571428571427,0.10714285714285714,,,,
weekly,2024-11-11,,,,,-0.18518518518518517,-0.2222222222222222,-0.07407407407407407,0.037037037037037035,0.0,0.0,0.0,0.0
weekly,2024-11-18,,,,,-0.24324324324324326,-0.1891891891891892,-0.13513513513513514,0.14864864864864866,0.0,-0.5,-0.5,0.0
weekly,2024-11-25,,,,,-0.08,-0.32,-0.24,0.12,,,,
weekly,2024-12-02,,,,,-0.125,-0.375,-0.125,0.125,,,,
weekly,2024-12-09,,,,,-0.09090909090909091,-0.045454545454545456,-0.045454545454545456,0.11363636363636363,0.0,0.0,0.0,0.0
weekly,2024-12-16,,,,,-0.1935483870967742,-0.22580645161290322,-0.16129032258064516,0.11290322580645161,,,,
weekly,2024-12-23,,,,,-0.46153846153846156,-0.3076923076923077,-0.2692307692307692,0.1346153846153846,,,,
weekly,2024-12-30,,,,,-0.21428571428571427,0.0,0.023809523809523808,0.16666666666666666,,,,
weekly,2025-01-06,,,,,-0.2,-0.08888888888888889,-0.06666666666666667,0.1,,,,
weekly,2025-01-13,,,,,-0.14285714285714285,-0.047619047619047616,0.0,0.13095238095238096,,,,
weekly,2025-01-20,,,,,-0.3404255319148936,-0.2553191489361702,-0.14893617021276595,0.1702127659574468,,,,
weekly,2025-01-27,,,,,-0.07142857142857142,-0.10714285714285714,-0.03571428571428571,0.017857142857142856,,,,
weekly,2025-02-03,,,,,-0.07317073170731707,-0.12195121951219512,-0.0975609756097561,0.10975609756097561,,,,
weekly,2025-02-10,,,,,-0.15789473684210525,-0.05263157894736842,-0.02631578947368421,0.15789473684210525,,,,
weekly,2025-02-17,,,,,-0.07692307692307693,-0.1282051282051282,0.0,0.10256410256410256,,,,
weekly,2025-02-24,,,,,-0.23404255319148937,-0.2978723404255319,-0.2978723404255319,0.07446808510638298,,,,
weekly,2025-03-03,,,,,-0.35,-0.2,-0.15,0.1125,,,,
weekly,2025-03-10,,,,,-0.16666666666666666,-0.19047619047619047,-0.21428571428571427,0.05952380952380952,,,,
weekly,2025-03-17,,,,,-0.17307692307692307,-0.15384615384615385,-0.057692307692307696,0.1346153846153846,,,,
weekly,2025-03-24,,,,,-0.08620689655172414,-0.06896551724137931,-0.10344827586206896,0.15517241379310345,,,,
weekly,2025-03-31,,,,,-0.21052631578947367,-0.07017543859649122,-0.03508771929824561,0.12280701754385964,,,,
weekly,2025-04-07,,,,,-0.14035087719298245,-0.07017543859649122,-0.03508771929824561,0.08771929824561403,,,,
weekly,2025-04-14,,,,,-0.057692307692307696,-0.19230769230769232,-0.19230769230769232,0.09615384615384616,-1.0,-1.0,0.0,0.0
weekly,2025-04-21,,,,,-0.19047619047619047,-0.19047619047619047,-0.23809523809523808,0.14285714285714285,,,,
weekly,2025-04-28,0.0,0.0,0.0,0.0,-0.30612244897959184,-0.04081632653061224,-0.16326530612244897,0.1836734693877551,,,,
weekly,2025-05-05,0.0,0.0,0.0,0.0,-0.23214285714285715,-0.21428571428571427,-0.125,0.13392857142857142,,,,
weekly,2025-05-12,,,,,-0.08823529411764706,-0.11764705882352941,-0.058823529411764705,0.07352941176470588,,,,
weekly,2025-05-19,,,,,-0.041666666666666664,-0.041666666666666664,-0.08333333333333333,0.08333333333333333,,,,
weekly,2025-05-26,,,,,-0.058823529411764705,-0.0784313725490196,-0.0392156862745098,0.06862745098039216,,,,
weekly,2025-06-02,,,,,-0.3230769230769231,-0.07692307692307693,-0.1076923076923077,0.17692307692307693,,,,
weekly,2025-06-09,,,,,-0.22641509433962265,-0.05660377358490566,-0.05660377358490566,0.1320754716981132,-1.0,-1.0,-1.0,-0.5
weekly,2025-06-16,,,,,-0.018867924528301886,-0.1320754716981132,-0.05660377358490566,0.09433962264150944,-1.0,-1.0,-1.0,-0.5
weekly,2025-06-23,,,,,-0.08163265306122448,-0.10204081632653061,-0.14285714285714285,0.07142857142857142,-1.0,-1.0,-1.0,0.5
weekly,2025-06-30,,,,,-0.30303030303030304,-0.16666666666666666,-0.16666666666666666,0.15151515151515152,,,,
weekly,2025-07-07,,,,,-0.2857142857142857,-0.08163265306122448,-0.12244897959183673,0.19387755102040816,,,,
weekly,2025-07-14,,,,,-0.13333333333333333,-0.05,-0.016666666666666666,0.1,,,,
weekly,2025-07-21,,,,,-0.03389830508474576,0.03389830508474576,-0.03389830508474576,0.09322033898305085,,,,
weekly,2025-07-28,,,,,-0.1016949152542373,-0.05084745762711865,-0.11864406779661017,0.16101694915254236,,,,
weekly,2025-08-04,,,,,-0.03636363636363636,-0.10909090909090909,-0.07272727272727272,0.10909090909090909,,,,
weekly,2025-08-11,,,,,-0.03333333333333333,-0.1,-0.03333333333333333,0.05,,,,
weekly,2025-08-18,,,,,-0.05263157894736842,-0.07017543859649122,-0.07017543859649122,0.07017543859649122,,,,
weekly,2025-08-25,,,,,-0.18421052631578946,-0.07894736842105263,-0.10526315789473684,0.09210526315789473,,,,
weekly,2025-09-01,,,,,-0.1951219512195122,-0.2682926829268293,-0.1951219512195122,0.0975609756097561,,,,
weekly,2025-09-08,,,,,0.0,-0.04878048780487805,0.0,0.08536585365853659,,,,
weekly,2025-09-15,,,,,-0.1282051282051282,-0.20512820512820512,-0.1794871794871795,0.05128205128205128,,,,
weekly,2025-09-22,,,,,-0.20754716981132076,-0.20754716981132076,-0.16981132075471697,0.07547169811320754,,,,
weekly,2025-09-29,,,,,0.06818181818181818,0.022727272727272728,-0.06818181818181818,0.13636363636363635,,,,
weekly,2025-10-06,,,,,-0.1276595744680851,-0.0851063829787234,-0.10638297872340426,0.13829787234042554,,,,
weekly,2025-10-13,,,,,-1.0,0.5,0.5,0.5,,,,
